{"data_time": 0.0019382144982955651, "eta_seconds": 192.84482064006988, "fast_rcnn/cls_accuracy": 0.572265625, "fast_rcnn/false_negative": 1.0, "fast_rcnn/fg_cls_accuracy": 0.0, "iteration": 19, "loss_box_reg": 0.0005586133047472686, "loss_cls": 0.6889819502830505, "loss_rpn_cls": 0.17745615541934967, "loss_rpn_loc": 0.008726307190954685, "lr": 4.99525e-05, "roi_head/num_bg_samples": 127.0, "roi_head/num_fg_samples": 1.0, "rpn/num_neg_anchors": 252.0, "rpn/num_pos_anchors": 4.0, "time": 0.6862805004984693, "total_loss": 0.8599185725324787}
{"data_time": 0.002145724000001792, "eta_seconds": 173.5256932694665, "fast_rcnn/cls_accuracy": 0.9921875, "fast_rcnn/false_negative": 1.0, "fast_rcnn/fg_cls_accuracy": 0.0, "iteration": 39, "loss_box_reg": 0.00044528899888973683, "loss_cls": 0.23870810121297836, "loss_rpn_cls": 0.12322787567973137, "loss_rpn_loc": 0.009680585004389286, "lr": 9.990249999999999e-05, "roi_head/num_bg_samples": 127.0, "roi_head/num_fg_samples": 1.0, "rpn/num_neg_anchors": 252.25, "rpn/num_pos_anchors": 3.75, "time": 0.6514216315008525, "total_loss": 0.3910707674585865}
{"data_time": 0.002243697501398856, "eta_seconds": 160.54137217179778, "fast_rcnn/cls_accuracy": 0.98828125, "fast_rcnn/false_negative": 1.0, "fast_rcnn/fg_cls_accuracy": 0.0, "iteration": 59, "loss_box_reg": 0.012832114472985268, "loss_cls": 0.09873310849070549, "loss_rpn_cls": 0.06211637891829014, "loss_rpn_loc": 0.007174553582444787, "lr": 0.0001498525, "roi_head/num_bg_samples": 126.5, "roi_head/num_fg_samples": 1.5, "rpn/num_neg_anchors": 252.25, "rpn/num_pos_anchors": 3.75, "time": 0.6661467724970862, "total_loss": 0.1910835095332004}
{"data_time": 0.0021472539992828388, "eta_seconds": 147.99464430377338, "fast_rcnn/cls_accuracy": 0.966796875, "fast_rcnn/false_negative": 1.0, "fast_rcnn/fg_cls_accuracy": 0.0, "iteration": 79, "loss_box_reg": 0.08858474716544151, "loss_cls": 0.11635983735322952, "loss_rpn_cls": 0.033786822110414505, "loss_rpn_loc": 0.00640807393938303, "lr": 0.00019980250000000002, "roi_head/num_bg_samples": 123.75, "roi_head/num_fg_samples": 4.25, "rpn/num_neg_anchors": 252.75, "rpn/num_pos_anchors": 3.25, "time": 0.6875049454993132, "total_loss": 0.2670205025933683}
{"data_time": 0.0021493490003194893, "eta_seconds": 134.89876212005038, "fast_rcnn/cls_accuracy": 0.939453125, "fast_rcnn/false_negative": 1.0, "fast_rcnn/fg_cls_accuracy": 0.0, "iteration": 99, "loss_box_reg": 0.16548795998096466, "loss_cls": 0.12328603863716125, "loss_rpn_cls": 0.024424554780125618, "loss_rpn_loc": 0.00726919574663043, "lr": 0.0002497525, "roi_head/num_bg_samples": 120.25, "roi_head/num_fg_samples": 7.75, "rpn/num_neg_anchors": 251.5, "rpn/num_pos_anchors": 4.5, "time": 0.6852237255006912, "total_loss": 0.331577202770859}
{"data_time": 0.002214060499682091, "eta_seconds": 121.29835066342275, "fast_rcnn/cls_accuracy": 0.96484375, "fast_rcnn/false_negative": 0.9791666666666667, "fast_rcnn/fg_cls_accuracy": 0.020833333333333332, "iteration": 119, "loss_box_reg": 0.14934734255075455, "loss_cls": 0.10100846365094185, "loss_rpn_cls": 0.026339859701693058, "loss_rpn_loc": 0.007131559774279594, "lr": 0.0002997025, "roi_head/num_bg_samples": 121.75, "roi_head/num_fg_samples": 6.25, "rpn/num_neg_anchors": 252.0, "rpn/num_pos_anchors": 4.0, "time": 0.6694277859987778, "total_loss": 0.28732440480962396}
{"data_time": 0.0022174754994921386, "eta_seconds": 107.89521799343129, "fast_rcnn/cls_accuracy": 0.9765625, "fast_rcnn/false_negative": 0.6210407239819005, "fast_rcnn/fg_cls_accuracy": 0.37895927601809953, "iteration": 139, "loss_box_reg": 0.19834242016077042, "loss_cls": 0.1041291318833828, "loss_rpn_cls": 0.023913566023111343, "loss_rpn_loc": 0.009164493065327406, "lr": 0.00034965250000000005, "roi_head/num_bg_samples": 120.0, "roi_head/num_fg_samples": 8.0, "rpn/num_neg_anchors": 252.0, "rpn/num_pos_anchors": 4.0, "time": 0.6660005204994377, "total_loss": 0.3449650614056736}
{"data_time": 0.002199330499934149, "eta_seconds": 94.84903471964935, "fast_rcnn/cls_accuracy": 0.97265625, "fast_rcnn/false_negative": 0.38541666666666663, "fast_rcnn/fg_cls_accuracy": 0.6145833333333333, "iteration": 159, "loss_box_reg": 0.18920690566301346, "loss_cls": 0.10006222501397133, "loss_rpn_cls": 0.022396362386643887, "loss_rpn_loc": 0.007477993378415704, "lr": 0.00039960250000000005, "roi_head/num_bg_samples": 120.0, "roi_head/num_fg_samples": 8.0, "rpn/num_neg_anchors": 252.0, "rpn/num_pos_anchors": 4.0, "time": 0.682702854001036, "total_loss": 0.34714067657478154}
{"data_time": 0.002173034499719506, "eta_seconds": 81.39527092962817, "fast_rcnn/cls_accuracy": 0.98046875, "fast_rcnn/false_negative": 0.21380090497737558, "fast_rcnn/fg_cls_accuracy": 0.7861990950226244, "iteration": 179, "loss_box_reg": 0.22591469436883926, "loss_cls": 0.07080042734742165, "loss_rpn_cls": 0.012946806848049164, "loss_rpn_loc": 0.005505235632881522, "lr": 0.00044955249999999993, "roi_head/num_bg_samples": 118.0, "roi_head/num_fg_samples": 10.0, "rpn/num_neg_anchors": 252.0, "rpn/num_pos_anchors": 4.0, "time": 0.6782586530007393, "total_loss": 0.3393844165257178}
{"data_time": 0.0020965825005987426, "eta_seconds": 67.89753754718186, "fast_rcnn/cls_accuracy": 0.98046875, "fast_rcnn/false_negative": 0.059714795008912656, "fast_rcnn/fg_cls_accuracy": 0.9402852049910874, "iteration": 199, "loss_box_reg": 0.21704378724098206, "loss_cls": 0.06449159607291222, "loss_rpn_cls": 0.008118475321680307, "loss_rpn_loc": 0.0048126401379704475, "lr": 0.0004995025, "roi_head/num_bg_samples": 117.5, "roi_head/num_fg_samples": 10.5, "rpn/num_neg_anchors": 252.25, "rpn/num_pos_anchors": 3.75, "time": 0.6660384465012612, "total_loss": 0.3214109007967636}
{"data_time": 0.0019430640004429733, "eta_seconds": 54.4877433495858, "fast_rcnn/cls_accuracy": 0.98046875, "fast_rcnn/false_negative": 0.17142857142857143, "fast_rcnn/fg_cls_accuracy": 0.8285714285714285, "iteration": 219, "loss_box_reg": 0.19678734242916107, "loss_cls": 0.06902047246694565, "loss_rpn_cls": 0.014797442592680454, "loss_rpn_loc": 0.005306496052071452, "lr": 0.0005494525, "roi_head/num_bg_samples": 117.75, "roi_head/num_fg_samples": 10.25, "rpn/num_neg_anchors": 252.0, "rpn/num_pos_anchors": 4.0, "time": 0.6750361195008736, "total_loss": 0.27576819341629744}
{"data_time": 0.0020679575009125983, "eta_seconds": 40.987884848511385, "fast_rcnn/cls_accuracy": 0.982421875, "fast_rcnn/false_negative": 0.05631868131868132, "fast_rcnn/fg_cls_accuracy": 0.9436813186813187, "iteration": 239, "loss_box_reg": 0.2016182392835617, "loss_cls": 0.055303921923041344, "loss_rpn_cls": 0.008268238510936499, "loss_rpn_loc": 0.006559345638379455, "lr": 0.0005994025, "roi_head/num_bg_samples": 117.0, "roi_head/num_fg_samples": 11.0, "rpn/num_neg_anchors": 252.5, "rpn/num_pos_anchors": 3.5, "time": 0.6622641355006635, "total_loss": 0.30600090767256916}
{"data_time": 0.002258281998365419, "eta_seconds": 27.52662536650496, "fast_rcnn/cls_accuracy": 0.98046875, "fast_rcnn/false_negative": 0.08846153846153847, "fast_rcnn/fg_cls_accuracy": 0.9115384615384616, "iteration": 259, "loss_box_reg": 0.1865542232990265, "loss_cls": 0.05335991829633713, "loss_rpn_cls": 0.007035283604636788, "loss_rpn_loc": 0.004480055533349514, "lr": 0.0006493525, "roi_head/num_bg_samples": 114.75, "roi_head/num_fg_samples": 13.25, "rpn/num_neg_anchors": 252.0, "rpn/num_pos_anchors": 4.0, "time": 0.6602044655010104, "total_loss": 0.2644783405121416}
{"data_time": 0.002026925500103971, "eta_seconds": 14.09900323650254, "fast_rcnn/cls_accuracy": 0.98828125, "fast_rcnn/false_negative": 0.13068181818181818, "fast_rcnn/fg_cls_accuracy": 0.8693181818181819, "iteration": 279, "loss_box_reg": 0.185506671667099, "loss_cls": 0.04353128559887409, "loss_rpn_cls": 0.009534452110528946, "loss_rpn_loc": 0.007182480534538627, "lr": 0.0006993025000000001, "roi_head/num_bg_samples": 117.0, "roi_head/num_fg_samples": 11.0, "rpn/num_neg_anchors": 252.0, "rpn/num_pos_anchors": 4.0, "time": 0.6732631434988434,