{"data_time": 0.002366221997363027, "eta_seconds": 183.1551230707737, "fast_rcnn/cls_accuracy": 0.73046875, "fast_rcnn/false_negative": 1.0, "fast_rcnn/fg_cls_accuracy": 0.0, "iteration": 19, "loss_box_reg": 0.0005969063786324114, "loss_cls": 0.6367261707782745, "loss_rpn_cls": 0.14921291917562485, "loss_rpn_loc": 0.015057571232318878, "lr": 4.99525e-05, "roi_head/num_bg_samples": 127.0, "roi_head/num_fg_samples": 1.0, "rpn/num_neg_anchors": 251.5, "rpn/num_pos_anchors": 4.5, "time": 0.6517975909991947, "total_loss": 0.8393305765348487}
{"data_time": 0.0022338960006891284, "eta_seconds": 173.91153204832517, "fast_rcnn/cls_accuracy": 0.9921875, "fast_rcnn/false_negative": 1.0, "fast_rcnn/fg_cls_accuracy": 0.0, "iteration": 39, "loss_box_reg": 0.0003619893395807594, "loss_cls": 0.22735317051410675, "loss_rpn_cls": 0.13279041647911072, "loss_rpn_loc": 0.010084087960422039, "lr": 9.990249999999999e-05, "roi_head/num_bg_samples": 127.0, "roi_head/num_fg_samples": 1.0, "rpn/num_neg_anchors": 251.75, "rpn/num_pos_anchors": 4.25, "time": 0.6716457329966943, "total_loss": 0.39410317338479217}
{"data_time": 0.0021873144978599157, "eta_seconds": 158.52100193397928, "fast_rcnn/cls_accuracy": 0.978515625, "fast_rcnn/false_negative": 1.0, "fast_rcnn/fg_cls_accuracy": 0.0, "iteration": 59, "loss_box_reg": 0.04428465850651264, "loss_cls": 0.1147400252521038, "loss_rpn_cls": 0.07378439605236053, "loss_rpn_loc": 0.010655710473656654, "lr": 0.0001498525, "roi_head/num_bg_samples": 125.25, "roi_head/num_fg_samples": 2.75, "rpn/num_neg_anchors": 252.25, "rpn/num_pos_anchors": 3.75, "time": 0.6348753854981624, "total_loss": 0.25442895921878517}
{"data_time": 0.0022997175001364667, "eta_seconds": 146.86305767246813, "fast_rcnn/cls_accuracy": 0.955078125, "fast_rcnn/false_negative": 1.0, "fast_rcnn/fg_cls_accuracy": 0.0, "iteration": 79, "loss_box_reg": 0.12473707273602486, "loss_cls": 0.12390617281198502, "loss_rpn_cls": 0.028372670523822308, "loss_rpn_loc": 0.006698989775031805, "lr": 0.00019980250000000002, "roi_head/num_bg_samples": 122.25, "roi_head/num_fg_samples": 5.75, "rpn/num_neg_anchors": 251.5, "rpn/num_pos_anchors": 4.5, "time": 0.6731030744995223, "total_loss": 0.32695569284260273}
{"data_time": 0.0022977774970058817, "eta_seconds": 133.7023071075928, "fast_rcnn/cls_accuracy": 0.951171875, "fast_rcnn/false_negative": 1.0, "fast_rcnn/fg_cls_accuracy": 0.0, "iteration": 99, "loss_box_reg": 0.15340863913297653, "loss_cls": 0.11983009055256844, "loss_rpn_cls": 0.028056133538484573, "loss_rpn_loc": 0.007050174288451672, "lr": 0.0002497525, "roi_head/num_bg_samples": 121.75, "roi_head/num_fg_samples": 6.25, "rpn/num_neg_anchors": 252.5, "rpn/num_pos_anchors": 3.5, "time": 0.6748433385000681, "total_loss": 0.33296353509649634}
{"data_time": 0.0024034765010583214, "eta_seconds": 120.55896376363671, "fast_rcnn/cls_accuracy": 0.943359375, "fast_rcnn/false_negative": 1.0, "fast_rcnn/fg_cls_accuracy": 0.0, "iteration": 119, "loss_box_reg": 0.2679334729909897, "loss_cls": 0.11680874601006508, "loss_rpn_cls": 0.02390989474952221, "loss_rpn_loc": 0.005415442632511258, "lr": 0.0002997025, "roi_head/num_bg_samples": 118.25, "roi_head/num_fg_samples": 9.75, "rpn/num_neg_anchors": 252.0, "rpn/num_pos_anchors": 4.0, "time": 0.6680895740028063, "total_loss": 0.41940270317718387}
{"data_time": 0.002154177000193158, "eta_seconds": 107.59937614626324, "fast_rcnn/cls_accuracy": 0.97265625, "fast_rcnn/false_negative": 0.3431372549019608, "fast_rcnn/fg_cls_accuracy": 0.6568627450980392, "iteration": 139, "loss_box_reg": 0.27931126952171326, "loss_cls": 0.11295462027192116, "loss_rpn_cls": 0.01945745013654232, "loss_rpn_loc": 0.0057688450906425714, "lr": 0.00034965250000000005, "roi_head/num_bg_samples": 118.0, "roi_head/num_fg_samples": 10.0, "rpn/num_neg_anchors": 252.5, "rpn/num_pos_anchors": 3.5, "time": 0.6745269160019234, "total_loss": 0.44346468965522945}
{"data_time": 0.0024247765031759627, "eta_seconds": 94.23299401629265, "fast_rcnn/cls_accuracy": 0.9765625, "fast_rcnn/false_negative": 0.3590909090909091, "fast_rcnn/fg_cls_accuracy": 0.6409090909090909, "iteration": 159, "loss_box_reg": 0.21658048033714294, "loss_cls": 0.08743253350257874, "loss_rpn_cls": 0.018375219777226448, "loss_rpn_loc": 0.008064864203333855, "lr": 0.00039960250000000005, "roi_head/num_bg_samples": 120.5, "roi_head/num_fg_samples": 7.5, "rpn/num_neg_anchors": 252.25, "rpn/num_pos_anchors": 3.75, "time": 0.6615411105012754, "total_loss": 0.40852764109149575}
{"data_time": 0.002339322501939023, "eta_seconds": 80.77712760720169, "fast_rcnn/cls_accuracy": 0.974609375, "fast_rcnn/false_negative": 0.225, "fast_rcnn/fg_cls_accuracy": 0.775, "iteration": 179, "loss_box_reg": 0.2414713203907013, "loss_cls": 0.08370007202029228, "loss_rpn_cls": 0.010575951542705297, "loss_rpn_loc": 0.005804760847240686, "lr": 0.00044955249999999993, "roi_head/num_bg_samples": 118.25, "roi_head/num_fg_samples": 9.75, "rpn/num_neg_anchors": 252.0, "rpn/num_pos_anchors": 4.0, "time": 0.6636957010050537, "total_loss": 0.3418585602194071}
{"data_time": 0.0021683765007765032, "eta_seconds": 67.50022975635147, "fast_rcnn/cls_accuracy": 0.974609375, "fast_rcnn/false_negative": 0.06797235023041474, "fast_rcnn/fg_cls_accuracy": 0.9320276497695852, "iteration": 199, "loss_box_reg": 0.24035488069057465, "loss_cls": 0.07604508846998215, "loss_rpn_cls": 0.014432207215577364, "loss_rpn_loc": 0.0043701184913516045, "lr": 0.0004995025, "roi_head/num_bg_samples": 115.25, "roi_head/num_fg_samples": 12.75, "rpn/num_neg_anchors": 252.5, "rpn/num_pos_anchors": 3.5, "time": 0.6808893599991279, "total_loss": 0.39076037134509534}
{"data_time": 0.0021152250010345597, "eta_seconds": 54.107488687557634, "fast_rcnn/cls_accuracy": 0.966796875, "fast_rcnn/false_negative": 0.25462962962962965, "fast_rcnn/fg_cls_accuracy": 0.7453703703703703, "iteration": 219, "loss_box_reg": 0.19771084189414978, "loss_cls": 0.09153319895267487, "loss_rpn_cls": 0.010620391927659512, "loss_rpn_loc": 0.007774942088872194, "lr": 0.0005494525, "roi_head/num_bg_samples": 116.25, "roi_head/num_fg_samples": 11.75, "rpn/num_neg_anchors": 252.0, "rpn/num_pos_anchors": 4.0, "time": 0.6593921455023519, "total_loss": 0.3223114722641185}
{"data_time": 0.0022591144988837186, "eta_seconds": 40.72235358710168, "fast_rcnn/cls_accuracy": 0.97265625, "fast_rcnn/false_negative": 0.32575757575757575, "fast_rcnn/fg_cls_accuracy": 0.6742424242424242, "iteration": 239, "loss_box_reg": 0.1999293714761734, "loss_cls": 0.09570056200027466, "loss_rpn_cls": 0.010725453030318022, "loss_rpn_loc": 0.00807935744524002, "lr": 0.0005994025, "roi_head/num_bg_samples": 117.25, "roi_head/num_fg_samples": 10.75, "rpn/num_neg_anchors": 251.75, "rpn/num_pos_anchors": 4.25, "time": 0.6536736600028235, "total_loss": 0.3406287631369196}
{"data_time": 0.002404384002147708, "eta_seconds": 27.370762247068342, "fast_rcnn/cls_accuracy": 0.98046875, "fast_rcnn/false_negative": 0.17708333333333331, "fast_rcnn/fg_cls_accuracy": 0.8229166666666667, "iteration": 259, "loss_box_reg": 0.16655762493610382, "loss_cls": 0.05386681109666824, "loss_rpn_cls": 0.006876516155898571, "loss_rpn_loc": 0.004949712660163641, "lr": 0.0006493525, "roi_head/num_bg_samples": 115.75, "roi_head/num_fg_samples": 12.25, "rpn/num_neg_anchors": 251.5, "rpn/num_pos_anchors": 4.5, "time": 0.6741225299992948, "total_loss": 0.2398370307055302}
{"data_time": 0.0023208210004668217, "eta_seconds": 13.990077276106604, "fast_rcnn/cls_accuracy": 0.974609375, "fast_rcnn/false_negative": 0.07037037037037036, "fast_rcnn/fg_cls_accuracy": 0.9296296296296296, "iteration": 279, "loss_box_reg": 0.1502595841884613, "loss_cls": 0.06195233575999737, "loss_rpn_cls": 0.0036420037504285574, "loss_rpn_loc": 0.004331916570663452, "lr": 0.0006993025000000001, "roi_head/num_bg_samples": 115.0, "roi_head/num_fg_samples": 13.0, "rpn/num_neg_anchors": 251.5, "rpn/num_pos_anchors": 4.5, "time": 0.6509276164979383, "total_loss": 0.22959674382582307}
{"data_time": 0.002067001496470766,