{"data_time": 0.002114695999921423, "eta_seconds": 188.87129237052818, "fast_rcnn/cls_accuracy": 0.9921875, "fast_rcnn/false_negative": 1.0, "fast_rcnn/fg_cls_accuracy": 0.0, "iteration": 19, "loss_box_reg": 0.0010745510226115584, "loss_cls": 0.23837870359420776, "loss_rpn_cls": 0.6653710603713989, "loss_rpn_loc": 0.019052577205002308, "lr": 9.9905e-06, "roi_head/num_bg_samples": 127.0, "roi_head/num_fg_samples": 1.0, "rpn/num_neg_anchors": 252.0, "rpn/num_pos_anchors": 4.0, "time": 0.6721398305001003, "total_loss": 0.9220114602940157}
{"data_time": 0.0021298894999972617, "eta_seconds": 177.27151724550765, "fast_rcnn/cls_accuracy": 0.9921875, "fast_rcnn/false_negative": 1.0, "fast_rcnn/fg_cls_accuracy": 0.0, "iteration": 39, "loss_box_reg": 0.000825599767267704, "loss_cls": 0.11407053843140602, "loss_rpn_cls": 0.6407754421234131, "loss_rpn_loc": 0.011372046545147896, "lr": 1.99805e-05, "roi_head/num_bg_samples": 127.0, "roi_head/num_fg_samples": 1.0, "rpn/num_neg_anchors": 253.0, "rpn/num_pos_anchors": 3.0, "time": 0.6806207014999472, "total_loss": 0.77912518492667}
{"data_time": 0.0019154439999056194, "eta_seconds": 164.2575320430036, "fast_rcnn/cls_accuracy": 0.9921875, "fast_rcnn/false_negative": 1.0, "fast_rcnn/fg_cls_accuracy": 0.0, "iteration": 59, "loss_box_reg": 0.0008061479311436415, "loss_cls": 0.06247406080365181, "loss_rpn_cls": 0.5968020260334015, "loss_rpn_loc": 0.014158859848976135, "lr": 2.9970499999999997e-05, "roi_head/num_bg_samples": 127.0, "roi_head/num_fg_samples": 1.0, "rpn/num_neg_anchors": 252.0, "rpn/num_pos_anchors": 4.0, "time": 0.6885812240000178, "total_loss": 0.6781895693566184}
{"data_time": 0.001965449999943303, "eta_seconds": 150.79168428349965, "fast_rcnn/cls_accuracy": 0.9921875, "fast_rcnn/false_negative": 1.0, "fast_rcnn/fg_cls_accuracy": 0.0, "iteration": 79, "loss_box_reg": 0.0006140451587270945, "loss_cls": 0.058160629123449326, "loss_rpn_cls": 0.530529111623764, "loss_rpn_loc": 0.01705026440322399, "lr": 3.9960500000000005e-05, "roi_head/num_bg_samples": 127.0, "roi_head/num_fg_samples": 1.0, "rpn/num_neg_anchors": 252.25, "rpn/num_pos_anchors": 3.75, "time": 0.6831741964999765, "total_loss": 0.6117154775420204}
{"data_time": 0.001938671999937469, "eta_seconds": 136.994871123003, "fast_rcnn/cls_accuracy": 0.9921875, "fast_rcnn/false_negative": 1.0, "fast_rcnn/fg_cls_accuracy": 0.0, "iteration": 99, "loss_box_reg": 0.0007252885261550546, "loss_cls": 0.05981721542775631, "loss_rpn_cls": 0.45178981125354767, "loss_rpn_loc": 0.01638783048838377, "lr": 4.99505e-05, "roi_head/num_bg_samples": 127.0, "roi_head/num_fg_samples": 1.0, "rpn/num_neg_anchors": 252.0, "rpn/num_pos_anchors": 4.0, "time": 0.6731173459999127, "total_loss": 0.5322821625304641}
{"data_time": 0.0019207860000278743, "eta_seconds": 123.07158856801004, "fast_rcnn/cls_accuracy": 0.9921875, "fast_rcnn/false_negative": 1.0, "fast_rcnn/fg_cls_accuracy": 0.0, "iteration": 119, "loss_box_reg": 0.0006892873207107186, "loss_cls": 0.07426341250538826, "loss_rpn_cls": 0.36229510605335236, "loss_rpn_loc": 0.013680256437510252, "lr": 5.99405e-05, "roi_head/num_bg_samples": 127.0, "roi_head/num_fg_samples": 1.0, "rpn/num_neg_anchors": 252.5, "rpn/num_pos_anchors": 3.5, "time": 0.671989212499966, "total_loss": 0.4536938240635209}
{"data_time": 0.0019564295000691345, "eta_seconds": 109.24035230499362, "fast_rcnn/cls_accuracy": 0.9921875, "fast_rcnn/false_negative": 1.0, "fast_rcnn/fg_cls_accuracy": 0.0, "iteration": 139, "loss_box_reg": 0.0006748274900019169, "loss_cls": 0.08092743158340454, "loss_rpn_cls": 0.2926107347011566, "loss_rpn_loc": 0.013841737061738968, "lr": 6.993050000000001e-05, "roi_head/num_bg_samples": 127.0, "roi_head/num_fg_samples": 1.0, "rpn/num_neg_anchors": 251.75, "rpn/num_pos_anchors": 4.25, "time": 0.6573788540000578, "total_loss": 0.38572042233136017}
{"data_time": 0.002034598500017637, "eta_seconds": 95.7761853660063, "fast_rcnn/cls_accuracy": 0.9921875, "fast_rcnn/false_negative": 1.0, "fast_rcnn/fg_cls_accuracy": 0.0, "iteration": 159, "loss_box_reg": 0.0006331256008706987, "loss_cls": 0.07084472477436066, "loss_rpn_cls": 0.22722547501325607, "loss_rpn_loc": 0.01230380916967988, "lr": 7.99205e-05, "roi_head/num_bg_samples": 127.0, "roi_head/num_fg_samples": 1.0, "rpn/num_neg_anchors": 252.5, "rpn/num_pos_anchors": 3.5, "time": 0.6912753740000426, "total_loss": 0.31248501761001535}
{"data_time": 0.0020074629999271565, "eta_seconds": 82.27437688800671, "fast_rcnn/cls_accuracy": 0.9921875, "fast_rcnn/false_negative": 1.0, "fast_rcnn/fg_cls_accuracy": 0.0, "iteration": 179, "loss_box_reg": 0.0006245472468435764, "loss_cls": 0.05880138464272022, "loss_rpn_cls": 0.18937506526708603, "loss_rpn_loc": 0.011409592814743519, "lr": 8.991049999999999e-05, "roi_head/num_bg_samples": 127.0, "roi_head/num_fg_samples": 1.0, "rpn/num_neg_anchors": 252.5, "rpn/num_pos_anchors": 3.5, "time": 0.6908044569998992, "total_loss": 0.2630397288594395}
{"data_time": 0.0019409244998769282, "eta_seconds": 68.83821882300151, "fast_rcnn/cls_accuracy": 0.9921875, "fast_rcnn/false_negative": 1.0, "fast_rcnn/fg_cls_accuracy": 0.0, "iteration": 199, "loss_box_reg": 0.0005637768772430718, "loss_cls": 0.0508231446146965, "loss_rpn_cls": 0.1701425388455391, "loss_rpn_loc": 0.013672384433448315, "lr": 9.990050000000001e-05, "roi_head/num_bg_samples": 127.0, "roi_head/num_fg_samples": 1.0, "rpn/num_neg_anchors": 252.0, "rpn/num_pos_anchors": 4.0, "time": 0.6906506880000052, "total_loss": 0.23654929098847788}
{"data_time": 0.0020628690000421557, "eta_seconds": 55.076235768004494, "fast_rcnn/cls_accuracy": 0.9921875, "fast_rcnn/false_negative": 1.0, "fast_rcnn/fg_cls_accuracy": 0.0, "iteration": 219, "loss_box_reg": 0.0006370287737809122, "loss_cls": 0.0400543250143528, "loss_rpn_cls": 0.13664566725492477, "loss_rpn_loc": 0.010256360284984112, "lr": 0.0001098905, "roi_head/num_bg_samples": 127.0, "roi_head/num_fg_samples": 1.0, "rpn/num_neg_anchors": 252.25, "rpn/num_pos_anchors": 3.75, "time": 0.6749034095000752, "total_loss": 0.19015640874567907}
{"data_time": 0.0020416825000211247, "eta_seconds": 41.57555790300091, "fast_rcnn/cls_accuracy": 0.9921875, "fast_rcnn/false_negative": 1.0, "fast_rcnn/fg_cls_accuracy": 0.0, "iteration": 239, "loss_box_reg": 0.0006225859397090971, "loss_cls": 0.03233792632818222, "loss_rpn_cls": 0.11459476873278618, "loss_rpn_loc": 0.008910359349101782, "lr": 0.0001198805, "roi_head/num_bg_samples": 127.0, "roi_head/num_fg_samples": 1.0, "rpn/num_neg_anchors": 252.5, "rpn/num_pos_anchors": 3.5, "time": 0.6921537055000044, "total_loss": 0.15425233033602126}
{"data_time": 0.0020358510000733077, "eta_seconds": 27.842120960999182, "fast_rcnn/cls_accuracy": 0.9921875, "fast_rcnn/false_negative": 1.0, "fast_rcnn/fg_cls_accuracy": 0.0, "iteration": 259, "loss_box_reg": 0.0005237790755927563, "loss_cls": 0.025730684399604797, "loss_rpn_cls": 0.10035949572920799, "loss_rpn_loc": 0.01070949574932456, "lr": 0.0001298705, "roi_head/num_bg_samples": 127.0, "roi_head/num_fg_samples": 1.0, "rpn/num_neg_anchors": 252.25, "rpn/num_pos_anchors": 3.75, "time": 0.6574276989999817, "total_loss": 0.14128599400282837}
{"data_time": 0.0020834995001450807, "eta_seconds": 14.279024088001165, "fast_rcnn/cls_accuracy": 0.9921875, "fast_rcnn/false_negative": 1.0, "fast_rcnn/fg_cls_accuracy": 0.0, "iteration": 279, "loss_box_reg": 0.0005248607194516808, "loss_cls": 0.020047749392688274, "loss_rpn_cls": 0.08911540731787682, "loss_rpn_loc": 0.011083376593887806, "lr": 0.00013986050000000004, "roi_head/num_bg_samples": 127.0, "roi_head/num_fg_samples": 1.0, "rpn/num_neg_anchors": 252.75, "rpn/num_pos_anchors": 3.25, "time": 0.6922676354998885, "total_loss": 0.11902980362356175}
{"data_time": 0.002090136999981951, "eta_seconds": 0.681566523000015, "fast_rcnn/cls_accuracy": 0.99609375, "fast_rcnn/false_negative": 0.5, "fast_rcnn/fg_cls_accuracy": 0.5, "iteration": 299, "loss_box_reg": 0.0005200741288717836, "loss_cls": 0.013791298028081656, "loss_rpn_cls": 0.07127203047275543,