{"data_time": 0.0021288115003699204, "eta_seconds": 189.47300118310432, "fast_rcnn/cls_accuracy": 0.654296875, "fast_rcnn/false_negative": 1.0, "fast_rcnn/fg_cls_accuracy": 0.0, "iteration": 19, "loss_box_reg": 0.0006971127877477556, "loss_cls": 0.6582823693752289, "loss_rpn_cls": 0.16449375450611115, "loss_rpn_loc": 0.009742711205035448, "lr": 4.99525e-05, "roi_head/num_bg_samples": 127.0, "roi_head/num_fg_samples": 1.0, "rpn/num_neg_anchors": 252.0, "rpn/num_pos_anchors": 4.0, "time": 0.6742811430003712, "total_loss": 0.8468131855042884}
{"data_time": 0.0022665900005449657, "eta_seconds": 176.95869595652766, "fast_rcnn/cls_accuracy": 0.9921875, "fast_rcnn/false_negative": 1.0, "fast_rcnn/fg_cls_accuracy": 0.0, "iteration": 39, "loss_box_reg": 0.0005334797606337816, "loss_cls": 0.23702497780323029, "loss_rpn_cls": 0.10855673998594284, "loss_rpn_loc": 0.00897260569036007, "lr": 9.990249999999999e-05, "roi_head/num_bg_samples": 127.0, "roi_head/num_fg_samples": 1.0, "rpn/num_neg_anchors": 252.0, "rpn/num_pos_anchors": 4.0, "time": 0.685127988500426, "total_loss": 0.4088449196424335}
{"data_time": 0.00195942299978924, "eta_seconds": 162.24639692388064, "fast_rcnn/cls_accuracy": 0.984375, "fast_rcnn/false_negative": 1.0, "fast_rcnn/fg_cls_accuracy": 0.0, "iteration": 59, "loss_box_reg": 0.02398274652659893, "loss_cls": 0.11721600964665413, "loss_rpn_cls": 0.07344627566635609, "loss_rpn_loc": 0.00845228205434978, "lr": 0.0001498525, "roi_head/num_bg_samples": 126.0, "roi_head/num_fg_samples": 2.0, "rpn/num_neg_anchors": 251.5, "rpn/num_pos_anchors": 4.5, "time": 0.6528653479999775, "total_loss": 0.25532471850601723}
{"data_time": 0.0021047854988864856, "eta_seconds": 147.6816891874114, "fast_rcnn/cls_accuracy": 0.962890625, "fast_rcnn/false_negative": 1.0, "fast_rcnn/fg_cls_accuracy": 0.0, "iteration": 79, "loss_box_reg": 0.10496492311358452, "loss_cls": 0.11592784523963928, "loss_rpn_cls": 0.05711504630744457, "loss_rpn_loc": 0.006961659295484424, "lr": 0.00019980250000000002, "roi_head/num_bg_samples": 123.25, "roi_head/num_fg_samples": 4.75, "rpn/num_neg_anchors": 252.25, "rpn/num_pos_anchors": 3.75, "time": 0.6601993384992966, "total_loss": 0.26280641183257103}
{"data_time": 0.0021556630008490174, "eta_seconds": 133.7590747334125, "fast_rcnn/cls_accuracy": 0.947265625, "fast_rcnn/false_negative": 1.0, "fast_rcnn/fg_cls_accuracy": 0.0, "iteration": 99, "loss_box_reg": 0.16369634121656418, "loss_cls": 0.11396242678165436, "loss_rpn_cls": 0.04154377244412899, "loss_rpn_loc": 0.006091100163757801, "lr": 0.0002497525, "roi_head/num_bg_samples": 121.25, "roi_head/num_fg_samples": 6.75, "rpn/num_neg_anchors": 252.5, "rpn/num_pos_anchors": 3.5, "time": 0.6506193645000167, "total_loss": 0.34629843197762966}
{"data_time": 0.002073420500892098, "eta_seconds": 120.53131628462233, "fast_rcnn/cls_accuracy": 0.94921875, "fast_rcnn/false_negative": 0.9107142857142857, "fast_rcnn/fg_cls_accuracy": 0.08928571428571427, "iteration": 119, "loss_box_reg": 0.22271720319986343, "loss_cls": 0.10009458661079407, "loss_rpn_cls": 0.02310007717460394, "loss_rpn_loc": 0.00503301527351141, "lr": 0.0002997025, "roi_head/num_bg_samples": 119.25, "roi_head/num_fg_samples": 8.75, "rpn/num_neg_anchors": 252.75, "rpn/num_pos_anchors": 3.25, "time": 0.6672217000004821, "total_loss": 0.3546718368306756}
{"data_time": 0.0022419900005843374, "eta_seconds": 107.07049179029218, "fast_rcnn/cls_accuracy": 0.970703125, "fast_rcnn/false_negative": 0.7488888888888889, "fast_rcnn/fg_cls_accuracy": 0.2511111111111111, "iteration": 139, "loss_box_reg": 0.23859987407922745, "loss_cls": 0.10408675670623779, "loss_rpn_cls": 0.029551378451287746, "loss_rpn_loc": 0.007139295805245638, "lr": 0.00034965250000000005, "roi_head/num_bg_samples": 118.75, "roi_head/num_fg_samples": 9.25, "rpn/num_neg_anchors": 252.5, "rpn/num_pos_anchors": 3.5, "time": 0.6473458350001238, "total_loss": 0.3755501485429704}
{"data_time": 0.002195617999859678, "eta_seconds": 93.83099272343861, "fast_rcnn/cls_accuracy": 0.9765625, "fast_rcnn/false_negative": 0.3076923076923077, "fast_rcnn/fg_cls_accuracy": 0.6923076923076923, "iteration": 159, "loss_box_reg": 0.2335302084684372, "loss_cls": 0.09112045913934708, "loss_rpn_cls": 0.01864488795399666, "loss_rpn_loc": 0.005793007556349039, "lr": 0.00039960250000000005, "roi_head/num_bg_samples": 118.75, "roi_head/num_fg_samples": 9.25, "rpn/num_neg_anchors": 252.75, "rpn/num_pos_anchors": 3.25, "time": 0.6769234724997659, "total_loss": 0.36022090585902333}
{"data_time": 0.00217556749976211, "eta_seconds": 80.46912737034381, "fast_rcnn/cls_accuracy": 0.974609375, "fast_rcnn/false_negative": 0.35599078341013823, "fast_rcnn/fg_cls_accuracy": 0.6440092165898618, "iteration": 179, "loss_box_reg": 0.20587189495563507, "loss_cls": 0.08674846589565277, "loss_rpn_cls": 0.01634298451244831, "loss_rpn_loc": 0.008202775847166777, "lr": 0.00044955249999999993, "roi_head/num_bg_samples": 120.0, "roi_head/num_fg_samples": 8.0, "rpn/num_neg_anchors": 251.25, "rpn/num_pos_anchors": 4.75, "time": 0.6484733480001523, "total_loss": 0.32483961153775454}
{"data_time": 0.002156142499188718, "eta_seconds": 67.16844516036963, "fast_rcnn/cls_accuracy": 0.9765625, "fast_rcnn/false_negative": 0.2048494983277592, "fast_rcnn/fg_cls_accuracy": 0.7951505016722409, "iteration": 199, "loss_box_reg": 0.19885962456464767, "loss_cls": 0.07399221509695053, "loss_rpn_cls": 0.010664544999599457, "loss_rpn_loc": 0.006488089915364981, "lr": 0.0004995025, "roi_head/num_bg_samples": 120.0, "roi_head/num_fg_samples": 8.0, "rpn/num_neg_anchors": 252.0, "rpn/num_pos_anchors": 4.0, "time": 0.6671174690000043, "total_loss": 0.32774279033765197}
{"data_time": 0.0021545669997067307, "eta_seconds": 53.867762950395445, "fast_rcnn/cls_accuracy": 0.97265625, "fast_rcnn/false_negative": 0.1794871794871795, "fast_rcnn/fg_cls_accuracy": 0.8205128205128205, "iteration": 219, "loss_box_reg": 0.23317377269268036, "loss_cls": 0.06928947567939758, "loss_rpn_cls": 0.011813079472631216, "loss_rpn_loc": 0.006756701739504933, "lr": 0.0005494525, "roi_head/num_bg_samples": 117.25, "roi_head/num_fg_samples": 10.75, "rpn/num_neg_anchors": 251.5, "rpn/num_pos_anchors": 4.5, "time": 0.6634801984992009, "total_loss": 0.346241049002856}
{"data_time": 0.0021369565001805313, "eta_seconds": 40.65652665703965, "fast_rcnn/cls_accuracy": 0.9765625, "fast_rcnn/false_negative": 0.1396103896103896, "fast_rcnn/fg_cls_accuracy": 0.8603896103896104, "iteration": 239, "loss_box_reg": 0.2089543342590332, "loss_cls": 0.07484916597604752, "loss_rpn_cls": 0.008631788659840822, "loss_rpn_loc": 0.005104999057948589, "lr": 0.0005994025, "roi_head/num_bg_samples": 116.25, "roi_head/num_fg_samples": 11.75, "rpn/num_neg_anchors": 252.0, "rpn/num_pos_anchors": 4.0, "time": 0.6821326839999529, "total_loss": 0.29561346070840955}
{"data_time": 0.002092361500217521, "eta_seconds": 27.32651791702665, "fast_rcnn/cls_accuracy": 0.974609375, "fast_rcnn/false_negative": 0.08051529790660225, "fast_rcnn/fg_cls_accuracy": 0.9194847020933977, "iteration": 259, "loss_box_reg": 0.20079632848501205, "loss_cls": 0.06321550533175468, "loss_rpn_cls": 0.00734582869336009, "loss_rpn_loc": 0.007660536328330636, "lr": 0.0006493525, "roi_head/num_bg_samples": 115.25, "roi_head/num_fg_samples": 12.75, "rpn/num_neg_anchors": 251.0, "rpn/num_pos_anchors": 5.0, "time": 0.6675997874999666, "total_loss": 0.32312670489773154}
{"data_time": 0.0020750604999193456, "eta_seconds": 13.974828703490857, "fast_rcnn/cls_accuracy": 0.9453125, "fast_rcnn/false_negative": 0.48729582577132485, "fast_rcnn/fg_cls_accuracy": 0.5127041742286751, "iteration": 279, "loss_box_reg": 0.2270132526755333, "loss_cls": 0.14232993125915527, "loss_rpn_cls": 0.01019089575856924, "loss_rpn_loc": 0.006132484879344702, "lr": 0.0006993025000000001, "roi_head/num_bg_samples": 115.75, "roi_head/num_fg_samples": 12.25, "rpn/num_neg_anchors": 251.75, "rpn/num_pos_anchors": 4.25, "time": 0.6572701539998889,